{
  "portrait": {
    "Google PIxel 2 Kinda": {
      "offset": "+59+295",
      "width": 1080
    },
    "Google Pixel 2": {
      "offset": "+59+295",
      "width": 1080
    },
    "Google Pixel 2 XL": {
      "offset": "+91+242",
      "width": 1440
    },
    "Google Pixel 2 XL  and": {
      "offset": "+91+242",
      "width": 1440
    },
    "Google Pixel 3": {
      "offset": "+55+199",
      "width": 1080
    },
    "Google Pixel 3 XL": {
      "offset": "+69+71",
      "width": 1440
    },
    "Google Pixel 4": {
      "offset": "+44+145",
      "width": 1080
    },
    "Google Pixel 4 XL": {
      "offset": "+60+193",
      "width": 1440
    },
    "Google Pixel 5": {
      "offset": "+58+58",
      "width": 1080
    },
    "Google Pixel 5 Sorta Sage": {
      "offset": "+58+58",
      "width": 1080
    },
    "Google Pixel Quite": {
      "offset": "+62+252",
      "width": 1080
    },
    "Google Pixel Really": {
      "offset": "+62+252",
      "width": 1080
    },
    "Google Pixel Slate": {
      "offset": "+161+152",
      "width": 3000
    },
    "Google Pixel Very": {
      "offset": "+62+252",
      "width": 1080
    },
    "HTC One A9": {
      "offset": "+78+292",
      "width": 1080
    },
    "HTC One M8": {
      "offset": "+0+0",
      "width": 1228
    },
    "Huawei P8": {
      "offset": "+60+230",
      "width": 1080
    },
    "MacBook Air": {
      "offset": "+373+123",
      "width": 2560
    },
    "Macbook": {
      "offset": "+380+128",
      "width": 2304
    },
    "Macbook Pro 13": {
      "offset": "+394+143",
      "width": 2560
    },
    "Macbook Pro 16": {
      "offset": "+419+98",
      "width": 3072
    },
    "Motorola Moto E": {
      "offset": "+55+185",
      "width": 540
    },
    "Motorola Moto G": {
      "offset": "+55+189",
      "width": 720
    },
    "Nexus 4": {
      "offset": "+41+185",
      "width": 768
    },
    "Nexus 5X": {
      "offset": "+53+231",
      "width": 1080
    },
    "Nexus 6P": {
      "offset": "+59+329",
      "width": 1440
    },
    "Nexus 9": {
      "offset": "+96+260",
      "width": 1536
    },
    "Samsung Galaxy Grand Prime": {
      "offset": "+0+0",
      "width": 633
    },
    "Samsung Galaxy Note 10": {
      "offset": "+28+31",
      "width": 1080
    },
    "Samsung Galaxy Note 10+": {
      "offset": "+36+41",
      "width": 1440
    },
    "Samsung Galaxy Note 5": {
      "offset": "+66+290",
      "width": 1440
    },
    "Samsung Galaxy S Duos": {
      "offset": "+48+156",
      "width": 480
    },
    "Samsung Galaxy S10": {
      "offset": "+41+71",
      "width": 1440
    },
    "Samsung Galaxy S10+": {
      "offset": "+41+65",
      "width": 1440
    },
    "Samsung Galaxy S20 Cloud": {
      "offset": "+44+57",
      "width": 1440
    },
    "Samsung Galaxy S20 Cosmic": {
      "offset": "+44+57",
      "width": 1440
    },
    "Samsung Galaxy S20 Utra Cosmic": {
      "offset": "+39+46",
      "width": 1440
    },
    "Samsung Galaxy S20+ Cloud": {
      "offset": "+39+48",
      "width": 1440
    },
    "Samsung Galaxy S20+ Cosmic": {
      "offset": "+39+48",
      "width": 1440
    },
    "Samsung Galaxy S21 5G": {
      "offset": "+44+42",
      "width": 1080
    },
    "Samsung Galaxy S21 5G Violet": {
      "offset": "+44+42",
      "width": 1080
    },
    "Samsung Galaxy S21 Ultra 5G": {
      "offset": "+44+54",
      "width": 1440
    },
    "Samsung Galaxy S21+ 5G": {
      "offset": "+44+42",
      "width": 1080
    },
    "Samsung Galaxy S21+ 5G Violet": {
      "offset": "+43+42",
      "width": 1080
    },
    "Samsung Galaxy S3": {
      "offset": "+65+158",
      "width": 720
    },
    "Samsung Galaxy S5": {
      "offset": "+79+246",
      "width": 1080
    },
    "Samsung Galaxy S7": {
      "offset": "+73+338",
      "width": 1440
    },
    "Samsung Galaxy S8": {
      "offset": "+48+187",
      "width": 1440
    },
    "Samsung Galaxy S9": {
      "offset": "+46+178",
      "width": 1440
    },
    "Surface Pro X": {
      "offset": "+74+134",
      "width": 2880
    },
    "Xiaomi Mi Mix Alpha": {
      "offset": "+0+25",
      "width": 1090
    },
    "iPad 10.2": {
      "offset": "+96+225",
      "width": 1620
    },
    "iPad Air (2019) 2": {
      "offset": "+111+224",
      "width": 1536
    },
    "iPad Air (2019) 2020  Portrait": {
      "offset": "+110+114",
      "width": 1640
    },
    "iPad Air (2019) 2020 Sky  Portrait": {
      "offset": "+110+114",
      "width": 1640
    },
    "iPad Mini (2019)": {
      "offset": "+96+279",
      "width": 1536
    },
    "iPad Pro": {
      "offset": "+119+216",
      "width": 2048
    },
    "iPad Pro (11 inch)": {
      "offset": "+95+100",
      "width": 1668
    },
    "iPad Pro (12.9 inch) (4th generation)": {
      "offset": "+96+102",
      "width": 2048
    },
    "iPhone 11": {
      "offset": "+75+71",
      "width": 828
    },
    "iPhone 11 Pro": {
      "offset": "+85+77",
      "width": 1125
    },
    "iPhone 11 Pro Max": {
      "offset": "+86+78",
      "width": 1242
    },
    "iPhone 12": {
      "offset": "+72+63",
      "width": 1170
    },
    "iPhone 12 Mini": {
      "offset": "+70+59",
      "width": 1080
    },
    "iPhone 12 Pro": {
      "offset": "+72+63",
      "width": 1170
    },
    "iPhone 12 Pro Graphite": {
      "offset": "+72+63",
      "width": 1170
    },
    "iPhone 12 Pro Max": {
      "offset": "+74+62",
      "width": 1284
    },
    "iPhone 12 Pro Max Graphite": {
      "offset": "+74+62",
      "width": 1284
    },
    "iPhone 12 Pro Max Pacific": {
      "offset": "+74+62",
      "width": 1284
    },
    "iPhone 12 Pro Pacific": {
      "offset": "+72+63",
      "width": 1170
    },
    "iPhone 13": {
      "offset": "+72+64",
      "width": 1170
    },
    "iPhone 13 Midnight": {
      "offset": "+72+64",
      "width": 1170
    },
    "iPhone 13 Mini": {
      "offset": "+71+63",
      "width": 1080
    },
    "iPhone 13 Mini Midnight": {
      "offset": "+74+66",
      "width": 1080
    },
    "iPhone 13 Mini Starlight": {
      "offset": "+71+63",
      "width": 1080
    },
    "iPhone 13 Pro": {
      "offset": "+74+63",
      "width": 1170
    },
    "iPhone 13 Pro Graphite": {
      "offset": "+74+62",
      "width": 1170
    },
    "iPhone 13 Pro Max": {
      "offset": "+75+70",
      "width": 1284
    },
    "iPhone 13 Pro Max Graphite": {
      "offset": "+75+69",
      "width": 1284
    },
    "iPhone 13 Pro Max Sierra": {
      "offset": "+74+69",
      "width": 1284
    },
    "iPhone 13 Pro Sierra": {
      "offset": "+74+62",
      "width": 1170
    },
    "iPhone 13 Starlight": {
      "offset": "+72+64",
      "width": 1170
    },
    "iPhone 5c": {
      "offset": "+67+239",
      "width": 640
    },
    "iPhone 5s": {
      "offset": "+64+238",
      "width": 640
    },
    "iPhone 6s": {
      "offset": "+61+228",
      "width": 750
    },
    "iPhone 6s Plus": {
      "offset": "+102+379",
      "width": 1242
    },
    "iPhone 7": {
      "offset": "+61+228",
      "width": 750
    },
    "iPhone 7 Plus": {
      "offset": "+104+380",
      "width": 1242
    },
    "iPhone 8": {
      "offset": "+61+219",
      "width": 750
    },
    "iPhone 8 Plus": {
      "offset": "+98+335",
      "width": 1242
    },
    "iPhone SE": {
      "offset": "+61+219",
      "width": 750
    },
    "iPhone X": {
      "offset": "+85+77",
      "width": 1125
    },
    "iPhone XR": {
      "offset": "+75+71",
      "width": 828
    },
    "iPhone XS": {
      "offset": "+85+77",
      "width": 1125
    },
    "iPhone XS Max": {
      "offset": "+86+78",
      "width": 1242
    }
  }
}